"place","pop2023","growthRate","area","country","cca3","cca2","ccn3","region","subregion","landAreaKm","density","densityMi","Rank","gpi22","dangerRank22","gpi21","dangerRank21","gpiChange","rank"
4,42239854,0.02702,652230,"Afghanistan","AFG","AF",4,"Asia","South Central Asia, Southern Asia",652230,64.7622,167.7341,36,3.554,1,3.631,1,-0.07699999999999996,1
887,34449825,0.02235,527968,"Yemen","YEM","YE",887,"Asia","Western Asia, The Middle East",527970,65.2496,168.9964,44,3.394,2,3.407,2,-0.0129999999999999,2
760,23227014,0.0498,185180,"Syria","SYR","SY",760,"Asia","Western Asia, The Middle East",183630,126.4881,327.6042,60,3.356,3,3.371,3,-0.015000000000000124,3
643,144444359,-0.00186,17098242,"Russia","RUS","RU",643,"Europe","Eastern Europe",16376870,8.82,22.8439,9,3.275,4,2.993,10,0.28200000000000003,4
728,11088796,0.01609,619745,"South Sudan","SSD","SS",728,"Africa","Middle Africa, Sub-Saharan Africa",631930,17.5475,45.448,86,3.184,5,3.363,4,-0.17899999999999983,5
180,102262808,0.03285,2344858,"DR Congo","COD","CD",180,"Africa","Middle Africa, Sub-Saharan Africa",2267050,45.1083,116.8305,15,3.166,6,3.196,7,-0.03000000000000025,6
368,45504560,0.02266,438317,"Iraq","IRQ","IQ",368,"Asia","Western Asia, The Middle East",434128,104.8183,271.4794,35,3.157,7,3.257,5,-0.10000000000000009,7
706,18143378,0.03102,637657,"Somalia","SOM","SO",706,"Africa","Eastern Africa, Sub-Saharan Africa",627340,28.9211,74.9057,69,3.125,8,3.211,6,-0.08599999999999985,8
140,5742315,0.02925,622984,"Central African Republic","CAF","CF",140,"Africa","Middle Africa, Sub-Saharan Africa",622980,9.2175,23.8733,117,3.021,9,3.131,9,-0.10999999999999988,9
729,48109006,0.02634,1886068,"Sudan","SDN","SD",729,"Africa","Northern Africa",1868000,25.7543,66.7036,31,3.007,10,2.936,11,0.07100000000000017,10
804,36744634,-0.07448,603500,"Ukraine","UKR","UA",804,"Europe","Eastern Europe",579400,63.4184,164.2537,41,2.971,11,2.66,22,0.31099999999999994,11
408,26160821,0.00351,120538,"North Korea","PRK","KP",408,"Asia","Eastern Asia",120410,217.2645,562.7151,56,2.942,12,2.923,13,0.019000000000000128,12
434,6888388,0.01116,1759540,"Libya","LBY","LY",434,"Africa","Northern Africa",1759540,3.9149,10.1395,107,2.93,13,3.166,8,-0.23599999999999977,13
466,23293698,0.03099,1240192,"Mali","MLI","ML",466,"Africa","Western Africa, Sub-Saharan Africa",1220190,19.0902,49.4437,58,2.911,14,2.813,16,0.09799999999999986,14
231,126527060,0.02551,1104300,"Ethiopia","ETH","ET",231,"Africa","Eastern Africa, Sub-Saharan Africa",1128571.3,112.1126,290.3716,11,2.806,15,2.613,25,0.19300000000000006,15
862,28838499,0.01897,916445,"Venezuela","VEN","VE",862,"South America","South America, Latin America",882050,32.6949,84.6797,52,2.798,16,2.934,12,-0.13600000000000012,16
586,240485658,0.01976,881912,"Pakistan","PAK","PK",586,"Asia","Southern Asia, South Central Asia",770880,311.9625,807.9829,5,2.789,17,2.868,14,-0.07899999999999974,17
854,23251485,0.02548,272967,"Burkina Faso","BFA","BF",854,"Africa","Western Africa, Sub-Saharan Africa",273600,84.9835,220.1073,59,2.786,18,2.527,30,0.2589999999999999,18
792,85816199,0.00557,783562,"Turkey","TUR","TR",792,"Asia","Western Asia, The Middle East",783562,109.5206,283.6584,18,2.785,19,2.843,15,-0.05799999999999983,19
170,52085168,0.00407,1141748,"Colombia","COL","CO",170,"South America","South America, Latin America",1109500,46.9447,121.5868,28,2.729,20,2.694,20,0.03500000000000014,20
566,223804632,0.02408,923768,"Nigeria","NGA","NG",566,"Africa","Western Africa, Sub-Saharan Africa",910770,245.7312,636.4439,6,2.725,21,2.712,18,0.0129999999999999,21
120,28647293,0.02625,475442,"Cameroon","CMR","CM",120,"Africa","Middle Africa, Sub-Saharan Africa",472710,60.6023,156.9598,53,2.709,22,2.7,19,0.008999999999999897,22
364,89172767,0.00703,1648195,"Iran","IRN","IR",364,"Asia","Southern Asia, The Middle East",1622500,54.9601,142.3467,17,2.687,23,2.637,23,0.04999999999999982,23
562,27202843,0.03796,1267000,"Niger","NER","NE",562,"Africa","Western Africa, Sub-Saharan Africa",1266700,21.4754,55.6212,54,2.655,24,2.589,27,0.06599999999999984,24
104,54577997,0.00736,676578,"Myanmar","MMR","MM",104,"Asia","South-Eastern Asia",652670,83.6227,216.5827,27,2.631,25,2.457,33,0.17399999999999993,25
422,5353930,-0.02474,10452,"Lebanon","LBN","LB",422,"Asia","Western Asia, The Middle East",10230,523.3558,1355.4916,122,2.615,26,2.797,17,-0.18199999999999994,26
484,128455567,0.00746,1964375,"Mexico","MEX","MX",484,"North America","Central America, Latin America",1943950,66.0797,171.1463,10,2.612,27,2.62,24,-0.008000000000000007,27
148,18278568,0.03133,1284000,"Chad","TCD","TD",148,"Africa","Middle Africa, Sub-Saharan Africa",1259200,14.516,37.5965,67,2.591,28,2.489,32,0.10200000000000031,28
356,1428627663,0.00808,3287590,"India","IND","IN",356,"Asia","Southern Asia, South Central Asia",2973190,480.5033,1244.5036,1,2.578,29,2.553,29,0.02499999999999991,29
376,9174520,0.01507,20770,"Israel","ISR","IL",376,"Asia","Western Asia, The Middle East",21640,423.9612,1098.0595,98,2.576,30,2.669,21,-0.09299999999999997,30
275,5371230,0.02308,6220,"Palestine","PSE","PS",275,"Asia","Western Asia, The Middle East",6020,892.2309,2310.878,121,2.552,31,2.61,26,-0.05799999999999983,31
232,3748901,0.01761,117600,"Eritrea","ERI","ER",232,"Africa","Eastern Africa, Sub-Saharan Africa",121040.8,30.9722,80.218,131,2.494,32,2.555,28,-0.06099999999999994,32
108,13238559,0.02708,27834,"Burundi","BDI","BI",108,"Africa","Eastern Africa, Sub-Saharan Africa",25680,515.5202,1335.1973,78,2.47,33,2.434,35,0.03600000000000003,33
76,216422446,0.00515,8515767,"Brazil","BRA","BR",76,"South America","South America, Latin America",8358140,25.8936,67.0645,7,2.465,34,2.43,36,0.0349999999999997,34
840,339996563,0.00505,9372610,"United States","USA","US",840,"North America","Northern America",9147420,37.1686,96.2666,3,2.44,35,2.337,42,0.10299999999999976,35
31,10412651,0.00527,86600,"Azerbaijan","AZE","AZ",31,"Asia","Western Asia",82646,125.991,326.3167,90,2.437,36,2.334,43,0.10299999999999976,36
716,16665409,0.02113,390757,"Zimbabwe","ZWE","ZW",716,"Africa","Eastern Africa, Sub-Saharan Africa",386850,43.0798,111.5766,74,2.35,37,2.49,31,-0.14000000000000012,37
818,112716598,0.01556,1002450,"Egypt","EGY","EG",818,"Africa","Northern Africa, The Middle East",995450,113.2318,293.2704,14,2.342,38,2.397,38,-0.054999999999999716,38
608,117337368,0.01539,342353,"Philippines","PHL","PH",608,"Asia","South-Eastern Asia",298170,393.5251,1019.2299,13,2.339,39,2.417,37,-0.07799999999999985,39
558,7046310,0.01409,130373,"Nicaragua","NIC","NI",558,"North America","Central America, Latin America",120340,58.5533,151.6532,106,2.334,40,2.445,34,-0.11099999999999977,40
324,14190612,0.0239,245857,"Guinea","GIN","GN",324,"Africa","Western Africa, Sub-Saharan Africa",245720,57.7511,149.5755,75,2.332,41,2.069,72,0.2629999999999999,41
508,33897354,0.02814,801590,"Mozambique","MOZ","MZ",508,"Africa","Eastern Africa, Sub-Saharan Africa",786380,43.1056,111.6434,48,2.316,42,2.123,60,0.19299999999999962,42
800,48582334,0.02821,241550,"Uganda","UGA","UG",800,"Africa","Eastern Africa, Sub-Saharan Africa",200520,242.2817,627.5097,30,2.309,43,2.219,50,0.0900000000000003,43
404,55100586,0.01986,580367,"Kenya","KEN","KE",404,"Africa","Eastern Africa, Sub-Saharan Africa",569140,96.8138,250.7477,26,2.303,44,2.254,48,0.04899999999999993,44
682,36947025,0.01478,2149690,"Saudi Arabia","SAU","SA",682,"Asia","Western Asia, The Middle East",2149690,17.1871,44.5147,40,2.288,45,2.376,39,-0.08800000000000008,45
710,60414495,0.00869,1221037,"South Africa","ZAF","ZA",710,"Africa","Southern Africa, Sub-Saharan Africa",1213090,49.8022,128.9876,24,2.283,46,2.344,41,-0.06099999999999994,46
340,10593798,0.01543,112492,"Honduras","HND","HN",340,"North America","Central America, Latin America",111890,94.6805,245.2224,88,2.269,47,2.371,40,-0.10199999999999987,47
112,9498238,-0.00385,207600,"Belarus","BLR","BY",112,"Europe","Eastern Europe",202980,46.794,121.1964,97,2.259,48,2.285,47,-0.026000000000000245,48
332,11724763,0.01206,27750,"Haiti","HTI","HT",332,"North America","Caribbean",27560,425.4268,1101.8554,81,2.254,49,2.151,56,0.1030000000000002,49
222,6364943,0.00451,21041,"El Salvador","SLV","SV",222,"North America","Central America, Latin America",20720,307.1884,795.6179,112,2.231,50,2.184,54,0.04699999999999971,50
262,1136455,0.01392,23200,"Djibouti","DJI","DJ",262,"Africa","Eastern Africa, Sub-Saharan Africa",23180,49.0274,126.981,160,2.213,51,2.146,58,0.06700000000000017,51
478,4862989,0.02678,1030700,"Mauritania","MRT","MR",478,"Africa","Western Africa, Sub-Saharan Africa",1030700,4.7181,12.22,126,2.193,52,2.29,46,-0.09699999999999998,52
178,6106869,0.02285,342000,"Republic of the Congo","COG","CG",178,"Africa","Middle Africa, Sub-Saharan Africa",341500,17.8825,46.3156,113,2.184,53,2.291,45,-0.10699999999999976,53
624,2150842,0.0215,36125,"Guinea-Bissau","GNB","GW",624,"Africa","Western Africa, Sub-Saharan Africa",28120,76.488,198.1039,148,2.156,54,2.113,65,0.04300000000000015,54
12,45606480,0.01566,2381741,"Algeria","DZA","DZ",12,"Africa","Northern Africa",2381741,19.1484,49.5943,34,2.146,55,2.31,44,-0.16400000000000015,55
384,28873034,0.0253,322463,"Ivory Coast","CIV","CI",384,"Africa","Western Africa, Sub-Saharan Africa",318000,90.7957,235.1609,51,2.144,56,2.123,61,0.020999999999999908,56
328,813834,0.00632,214969,"Guyana","GUY","GY",328,"South America","South America, Latin America",196850,4.1343,10.7078,164,2.14,57,2.114,63,0.026000000000000245,57
320,18092026,0.01391,108889,"Guatemala","GTM","GT",320,"North America","Central America, Latin America",107160,168.8319,437.2746,70,2.139,58,2.195,53,-0.05600000000000005,58
204,13712828,0.02696,112622,"Benin","BEN","BJ",204,"Africa","Western Africa, Sub-Saharan Africa",112760,121.6107,314.9718,77,2.125,59,2.093,68,0.03200000000000003,59
795,6516100,0.01327,488100,"Turkmenistan","TKM","TM",795,"Asia","Central Asia, South Central Asia",469930,13.8661,35.9132,111,2.116,60,2.154,55,-0.03799999999999981,60
764,71801279,0.00145,513120,"Thailand","THA","TH",764,"Asia","South-Eastern Asia",510890,140.5416,364.0026,20,2.098,61,2.205,51,-0.1070000000000002,61
768,9053799,0.02318,56785,"Togo","TGO","TG",768,"Africa","Western Africa, Sub-Saharan Africa",54390,166.4607,431.1333,99,2.094,62,2.239,49,-0.14500000000000002,62
604,34352719,0.0089,1285216,"Peru","PER","PE",604,"South America","South America, Latin America",1280000,26.8381,69.5106,45,2.091,63,2.034,78,0.057000000000000384,63
426,2330318,0.01062,30355,"Lesotho","LSO","LS",426,"Africa","Southern Africa, Sub-Saharan Africa",30360,76.7562,198.7985,147,2.089,64,2.202,52,-0.11299999999999999,64
48,1485509,0.00902,765,"Bahrain","BHR","BH",48,"Asia","Western Asia, The Middle East",785,1892.3682,4901.2335,154,2.085,65,2.121,62,-0.03600000000000003,65
192,11194449,-0.00158,109884,"Cuba","CUB","CU",192,"North America","Caribbean",103800,107.8463,279.322,85,2.083,66,2.042,77,0.04100000000000037,66
398,19606633,0.01076,2724900,"Kazakhstan","KAZ","KZ",398,"Asia","Central Asia",2699700,7.2625,18.8099,66,2.071,67,1.936,97,0.13500000000000023,67
50,172954319,0.01033,147570,"Bangladesh","BGD","BD",50,"Asia","Southern Asia, South Central Asia",130170,1328.6803,3441.2821,8,2.067,68,2.068,73,-0.0009999999999998899,68
268,3728282,-0.0043,69700,"Georgia","GEO","GE",268,"Asia","Western Asia",69490,53.6521,138.9588,132,2.065,69,2.054,75,0.01100000000000012,69
598,10329931,0.01847,462840,"Papua New Guinea","PNG","PG",598,"Oceania","Melanesia",452860,22.8104,59.079,92,2.046,70,2.149,57,-0.1030000000000002,70
748,1210822,0.00762,17364,"Eswatini","SWZ","SZ",748,"Africa","Southern Africa, Sub-Saharan Africa",17200,70.3966,182.3273,159,2.033,71,1.955,95,0.07799999999999985,71
762,10143543,0.01917,143100,"Tajikistan","TJK","TJ",762,"Asia","Central Asia, South Central Asia",138790,73.0855,189.2916,95,2.031,72,2.095,67,-0.06400000000000006,72
417,6735347,0.01579,199951,"Kyrgyzstan","KGZ","KG",417,"Asia","Central Asia, South Central Asia",191800,35.1165,90.9518,109,2.028,73,1.998,87,0.030000000000000027,73
144,21893579,0.00281,65610,"Sri Lanka","LKA","LK",144,"Asia","Southern Asia, South Central Asia",61860,353.9214,916.6565,61,2.02,74,2.083,69,-0.06300000000000017,74
156,1425671352,-0.00015,9706961,"China","CHN","CN",156,"Asia","Eastern Asia",9424702.9,151.2696,391.7884,2,2.01,75,2.114,64,-0.10400000000000009,75
780,1534937,0.00254,5130,"Trinidad and Tobago","TTO","TT",780,"North America","Caribbean",5130,299.208,774.9487,153,2.005,76,2.029,80,-0.02400000000000002,76
834,67438106,0.02963,945087,"Tanzania","TZA","TZ",834,"Africa","Eastern Africa, Sub-Saharan Africa",885800,76.1324,197.183,22,2.001,78,1.892,106,0.10899999999999999,77
860,35163944,0.01549,447400,"Uzbekistan","UZB","UZ",860,"Asia","Central Asia, South Central Asia",440650,79.8002,206.6824,43,2.001,77,2.062,74,-0.06099999999999994,78
788,12458223,0.00826,163610,"Tunisia","TUN","TN",788,"Africa","Northern Africa",155360,80.1894,207.6905,79,1.996,79,2.108,66,-0.1120000000000001,79
450,30325732,0.02411,587041,"Madagascar","MDG","MG",450,"Africa","Eastern Africa, Sub-Saharan Africa",581800,52.124,135.0011,50,1.995,80,1.963,94,0.03200000000000003,80
51,2777970,-0.0009,29743,"Armenia","ARM","AM",51,"Asia","Western Asia",28470,97.5753,252.7201,140,1.992,81,2.075,70,-0.08300000000000018,81
214,11332972,0.00928,48671,"Dominican Republic","DOM","DO",214,"North America","Caribbean",48310,234.5885,607.5843,84,1.99,82,2.024,82,-0.03400000000000003,82
388,2825544,-0.00065,10991,"Jamaica","JAM","JM",388,"North America","Caribbean",10830,260.8997,675.7303,139,1.99,83,1.992,90,-0.0020000000000000018,83
68,12388571,0.01345,1098581,"Bolivia","BOL","BO",68,"South America","South America, Latin America",1083300,11.436,29.6191,80,1.989,84,2.14,59,-0.15100000000000002,84
218,18190484,0.01053,276841,"Ecuador","ECU","EC",218,"South America","South America, Latin America",248360,73.2424,189.6978,68,1.988,85,2.044,76,-0.05600000000000005,85
24,36684202,0.03077,1246700,"Angola","AGO","AO",24,"Africa","Middle Africa, Sub-Saharan Africa",1246700,29.425,76.2109,42,1.982,86,2.017,83,-0.03499999999999992,86
600,6861524,0.01191,406752,"Paraguay","PRY","PY",600,"South America","South America, Latin America",397300,17.2704,44.7303,108,1.976,87,1.997,89,-0.02100000000000013,87
430,5418377,0.02182,111369,"Liberia","LBR","LR",430,"Africa","Western Africa, Sub-Saharan Africa",96320,56.2539,145.6976,120,1.973,89,1.998,88,-0.02499999999999991,88
266,2436566,0.01991,267668,"Gabon","GAB","GA",266,"Africa","Middle Africa, Sub-Saharan Africa",257670,9.4561,24.4914,146,1.973,88,2.074,71,-0.10099999999999976,89
504,37840044,0.0102,446550,"Morocco","MAR","MA",504,"Africa","Northern Africa",446300,84.7861,219.596,39,1.969,90,2.015,85,-0.04600000000000004,90
524,30896590,0.01143,147181,"Nepal","NPL","NP",524,"Asia","Southern Asia, South Central Asia",143350,215.5325,558.2293,49,1.947,91,2.033,79,-0.08599999999999985,91
646,14094683,0.02308,26338,"Rwanda","RWA","RW",646,"Africa","Eastern Africa, Sub-Saharan Africa",24670,571.3289,1479.7417,76,1.945,92,2.028,81,-0.08299999999999996,92
686,17763163,0.0258,196722,"Senegal","SEN","SN",686,"Africa","Western Africa, Sub-Saharan Africa",192530,92.2618,238.958,71,1.916,94,1.864,110,0.051999999999999824,93
32,45773884,0.00579,2780400,"Argentina","ARG","AR",32,"South America","South America, Latin America",2736690,16.726,43.3203,33,1.911,95,1.945,96,-0.03400000000000003,94
516,2604172,0.01448,825615,"Namibia","NAM","NA",516,"Africa","Southern Africa, Sub-Saharan Africa",823290,3.1631,8.1925,145,1.908,96,1.927,99,-0.019000000000000128,95
196,1260138,0.00691,9251,"Cyprus","CYP","CY",196,"Europe","Eastern Europe, The Middle East",9240,136.3786,353.2205,158,1.903,97,1.912,103,-0.008999999999999897,96
250,64756584,0.00201,551695,"France","FRA","FR",250,"Europe","Western Europe",547557,118.2646,306.3052,23,1.895,99,1.868,109,0.026999999999999913,97
454,20931751,0.0258,118484,"Malawi","MWI","MW",454,"Africa","Eastern Africa, Sub-Saharan Africa",94280,222.0169,575.0237,62,1.895,98,1.909,104,-0.014000000000000012,98
512,4644384,0.01488,309500,"Oman","OMN","OM",512,"Asia","Western Asia, The Middle East",309500,15.0061,38.8658,127,1.889,100,1.982,91,-0.09299999999999997,99
116,16944826,0.01056,181035,"Cambodia","KHM","KH",116,"Asia","South-Eastern Asia",176520,95.9938,248.6239,73,1.882,101,2.008,86,-0.1260000000000001,100
498,3435931,0.04978,33846,"Moldova","MDA","MD",498,"Europe","Eastern Europe",32884.6,104.4845,270.6149,134,1.882,102,1.909,105,-0.027000000000000135,101
591,4468087,0.0135,75417,"Panama","PAN","PA",591,"North America","Central America, Latin America",74180,60.233,156.0036,128,1.876,103,1.919,100,-0.04300000000000015,102
784,9516871,0.00802,83600,"United Arab Emirates","ARE","AE",784,"Asia","Western Asia, The Middle East",71020,134.0027,347.067,96,1.865,104,1.848,112,0.016999999999999904,103
226,1714671,0.02374,28051,"Equatorial Guinea","GNQ","GQ",226,"Africa","Middle Africa, Sub-Saharan Africa",28050,61.1291,158.3243,152,1.863,105,1.915,102,-0.052000000000000046,104
70,3210847,-0.00701,51209,"Bosnia and Herzegovina","BIH","BA",70,"Europe","Southern Europe",51200,62.7119,162.4237,137,1.85,106,1.97,92,-0.11999999999999988,105
400,11337052,0.00454,89342,"Jordan","JOR","JO",400,"Asia","Western Asia, The Middle East",88794,127.6781,330.6864,83,1.849,107,1.916,101,-0.06699999999999995,106
894,20569737,0.02758,752612,"Zambia","ZMB","ZM",894,"Africa","Eastern Africa, Sub-Saharan Africa",743390,27.6702,71.6658,63,1.841,108,1.964,93,-0.123,107
152,19629590,0.00132,756102,"Chile","CHL","CL",152,"South America","South America, Latin America",743532,26.4005,68.3772,65,1.84,109,1.831,115,0.009000000000000119,108
626,1360596,0.01439,14874,"Timor-Leste","TLS","TL",626,"Asia","South-Eastern Asia",14870,91.4994,236.9834,155,1.839,110,1.873,108,-0.03400000000000003,109
300,10341277,-0.00421,131990,"Greece","GRC","GR",300,"Europe","Southern Europe",128900,80.2271,207.7883,91,1.838,111,1.932,98,-0.09399999999999986,110
688,7149077,-0.01001,88361,"Serbia","SRB","RS",688,"Europe","Southern Europe",87460,81.7411,211.7095,105,1.832,112,1.797,120,0.03500000000000014,111
418,7633779,0.01385,236800,"Laos","LAO","LA",418,"Asia","South-Eastern Asia",230800,33.0753,85.665,103,1.809,113,1.809,119,0,112
694,8791092,0.02154,71740,"Sierra Leone","SLE","SL",694,"Africa","Western Africa, Sub-Saharan Africa",72180,121.794,315.4465,102,1.803,114,1.813,118,-0.010000000000000009,113
72,2675352,0.01713,582000,"Botswana","BWA","BW",72,"Africa","Southern Africa, Sub-Saharan Africa",566730,4.7207,12.2266,144,1.801,116,1.753,123,0.04800000000000004,114
499,626485,-0.00095,13812,"Montenegro","MNE","ME",499,"Europe","Southern Europe",13450,46.5788,120.6391,169,1.801,115,1.847,113,-0.04600000000000004,115
360,277534122,0.00738,1904569,"Indonesia","IDN","ID",360,"Asia","South-Eastern Asia",1877519,147.8196,382.8528,4,1.8,117,1.783,121,0.017000000000000126,116
858,3423108,0.00009,181034,"Uruguay","URY","UY",858,"South America","South America, Latin America",175020,19.5584,50.6562,135,1.795,118,1.817,117,-0.02200000000000002,117
270,2773168,0.02483,10689,"Gambia","GMB","GM",270,"Africa","Western Africa, Sub-Saharan Africa",10120,274.0285,709.7337,141,1.792,119,1.853,111,-0.06099999999999994,118
704,98858950,0.00685,331212,"Vietnam","VNM","VN",704,"Asia","South-Eastern Asia",313429,315.411,816.9145,16,1.786,120,1.835,114,-0.04899999999999993,119
410,51784059,-0.00061,100210,"South Korea","KOR","KR",410,"Asia","Eastern Asia",97600,530.5744,1374.1876,29,1.779,121,1.877,107,-0.09800000000000009,120
496,3447157,0.01436,1564110,"Mongolia","MNG","MN",496,"Asia","Eastern Asia",1557506.8,2.2133,5.7323,133,1.775,122,1.783,122,-0.008000000000000007,121
8,2832439,-0.00348,28748,"Albania","ALB","AL",8,"Europe","Southern Europe",27400,103.3737,267.7378,138,1.761,123,1.824,116,-0.06300000000000017,122
288,34121985,0.0193,238533,"Ghana","GHA","GH",288,"Africa","Western Africa, Sub-Saharan Africa",227533,149.965,388.4093,47,1.759,124,1.715,126,0.04399999999999982,123
414,4310108,0.00966,17818,"Kuwait","KWT","KW",414,"Asia","Western Asia, The Middle East",17820,241.8691,626.4411,129,1.739,125,1.688,128,0.051000000000000156,124
188,5212173,0.00605,51100,"Costa Rica","CRI","CR",188,"North America","Central America, Latin America",51060,102.0794,264.3856,124,1.732,126,1.735,125,-0.0030000000000001137,125
440,2718352,-0.01153,65300,"Lithuania","LTU","LT",440,"Europe","Northern Europe",62620,43.4103,112.4326,142,1.724,127,1.689,127,0.03499999999999992,126
807,2085679,-0.00378,25713,"North Macedonia","MKD","MK",807,"Europe","Southern Europe",25220,82.6994,214.1915,150,1.704,128,1.744,124,-0.040000000000000036,127
428,1830211,-0.01105,64559,"Latvia","LVA","LV",428,"Europe","Northern Europe",62230,29.4104,76.173,151,1.673,129,1.686,129,-0.0129999999999999,128
826,67736802,0.00338,242900,"United Kingdom","GBR","GB",826,"Europe","Northern Europe",241930,279.9851,725.1615,21,1.667,130,1.658,131,0.009000000000000119,129
233,1322765,-0.00249,45227,"Estonia","EST","EE",233,"Europe","Northern Europe",42750,30.9419,80.1394,156,1.662,131,1.612,134,0.04999999999999982,130
380,58870762,-0.00282,301336,"Italy","ITA","IT",380,"Europe","Southern Europe",295717,199.078,515.6121,25,1.643,132,1.652,132,-0.008999999999999897,131
642,19892812,0.01188,238391,"Romania","ROU","RO",642,"Europe","Eastern Europe",230080,86.4604,223.9325,64,1.64,133,1.53,139,0.10999999999999988,132
158,23923276,0.00125,36193,"Taiwan","TWN","TW",158,"Asia","Eastern Asia",36197,660.9188,1711.7796,57,1.618,134,1.662,130,-0.04399999999999982,133
724,47519628,-0.00082,505992,"Spain","ESP","ES",724,"Europe","Southern Europe",499556.6,95.1236,246.3702,32,1.603,135,1.621,133,-0.018000000000000016,134
480,1300557,0.00084,2040,"Mauritius","MUS","MU",480,"Africa","Eastern Africa, Sub-Saharan Africa",2030,640.6685,1659.3313,157,1.57,136,1.592,136,-0.02200000000000002,135
36,26439111,0.01,7692024,"Australia","AUS","AU",36,"Oceania","Australia and New Zealand",7692020,3.4372,8.9024,55,1.565,137,1.47,148,0.09499999999999997,136
752,10612086,0.00595,450295,"Sweden","SWE","SE",752,"Europe","Northern Europe",407283.5,26.0558,67.4844,87,1.564,138,1.46,149,0.10400000000000009,137
616,41026067,0.02933,312679,"Poland","POL","PL",616,"Europe","Eastern Europe",306130,134.0152,347.0993,37,1.552,139,1.524,140,0.028000000000000025,138
100,6687717,-0.0139,110879,"Bulgaria","BGR","BG",100,"Europe","Eastern Europe",108560,61.6039,159.554,110,1.541,140,1.577,137,-0.03600000000000003,139
634,2716391,0.00789,11586,"Qatar","QAT","QA",634,"Asia","Western Asia, The Middle East",11490,236.4135,612.3109,143,1.533,141,1.605,135,-0.07200000000000006,140
56,11686140,0.00259,30528,"Belgium","BEL","BE",56,"Europe","Western Europe",30280,385.9359,999.5741,82,1.526,142,1.496,144,0.030000000000000027,141
528,17618299,0.00309,41850,"Netherlands","NLD","NL",528,"Europe","Western Europe",33670,523.264,1355.2538,72,1.522,143,1.506,143,0.016000000000000014,142
703,5795199,0.02689,49037,"Slovakia","SVK","SK",703,"Europe","Eastern Europe",49035,118.1849,306.099,116,1.499,144,1.557,138,-0.05799999999999983,143
64,787424,0.00635,38394,"Bhutan","BTN","BT",64,"Asia","Southern Asia, South Central Asia",38140,20.6456,53.4722,165,1.481,145,1.51,142,-0.028999999999999915,144
458,34308525,0.01091,330803,"Malaysia","MYS","MY",458,"Asia","South-Eastern Asia",328550,104.4241,270.4583,46,1.471,146,1.515,141,-0.04399999999999982,145
578,5474360,0.00737,323802,"Norway","NOR","NO",578,"Europe","Northern Europe",364285,15.0277,38.9217,119,1.465,147,1.438,150,0.027000000000000135,146
276,83294633,-0.0009,357114,"Germany","DEU","DE",276,"Europe","Western Europe",349390,238.4002,617.4564,19,1.462,148,1.48,146,-0.018000000000000016,147
191,4008617,-0.00539,56594,"Croatia","HRV","HR",191,"Europe","Southern Europe",55960,71.6336,185.5311,130,1.44,149,1.48,147,-0.040000000000000036,148
246,5545475,0.00085,338424,"Finland","FIN","FI",246,"Europe","Northern Europe",303940,18.2453,47.2553,118,1.439,150,1.402,151,0.037000000000000144,149
348,10156239,0.01896,93028,"Hungary","HUN","HU",348,"Europe","Eastern Europe",91260,111.2891,288.2386,94,1.411,151,1.494,145,-0.08299999999999996,150
124,38781291,0.0085,9984670,"Canada","CAN","CA",124,"North America","Northern America",8965590,4.3256,11.2032,38,1.389,152,1.33,154,0.05899999999999994,151
756,8796669,0.00643,41284,"Switzerland","CHE","CH",756,"Europe","Western Europe",39516,222.6103,576.5607,101,1.357,153,1.323,157,0.03400000000000003,152
392,123294513,-0.0053,377930,"Japan","JPN","JP",392,"Asia","Eastern Asia",364500,338.2566,876.0845,12,1.336,154,1.373,152,-0.03699999999999992,153
702,6014723,0.00653,710,"Singapore","SGP","SG",702,"Asia","South-Eastern Asia",718,8377.0515,21696.5635,114,1.326,155,1.347,153,-0.020999999999999908,154
203,10495295,0.00013,78865,"Czech Republic","CZE","CZ",203,"Europe","Eastern Europe",77198.5,135.9521,352.1158,89,1.318,156,1.329,155,-0.010999999999999899,155
705,2119675,-0.00008,20273,"Slovenia","SVN","SI",705,"Europe","Southern Europe",20136.4,105.2658,272.6385,149,1.316,157,1.315,159,0.001000000000000112,156
620,10247605,-0.00227,92090,"Portugal","PRT","PT",620,"Europe","Southern Europe",91605.6,111.8666,289.7344,93,1.301,158,1.267,160,0.03400000000000003,157
40,8958960,0.00216,83871,"Austria","AUT","AT",40,"Europe","Western Europe",82520,108.5671,281.1889,100,1.3,159,1.317,158,-0.016999999999999904,158
208,5910913,0.00487,43094,"Denmark","DNK","DK",208,"Europe","Northern Europe",40000,147.7728,382.7316,115,1.296,160,1.256,161,0.040000000000000036,159
372,5056935,0.00673,70273,"Ireland","IRL","IE",372,"Europe","Northern Europe",68890,73.4059,190.1214,125,1.288,161,1.326,156,-0.038000000000000034,160
554,5228100,0.00826,270467,"New Zealand","NZL","NZ",554,"Oceania","Australia and New Zealand",263310,19.8553,51.4252,123,1.269,162,1.253,162,0.016000000000000014,161
352,375318,0.00649,103000,"Iceland","ISL","IS",352,"Europe","Northern Europe",100830,3.7223,9.6407,179,1.107,163,1.1,163,0.006999999999999895,162